start	end	text
0	4160	you know um usually when we talk about getting a medical diagnosis there is this
4160	10720	this profound expectation of absolute clarity like engineering almost right like if you fall
10720	14000	off a ladder and you think you might have broken your arm you go to the hospital and they put you
14000	21600	in that uh that cold humming x-ray machine yeah and the x-ray prints out and there is this stark
21600	26800	jagged white line across the humerus and the doctor just points a pen at the screen and says
26800	32960	you know there it is that is your problem it's entirely binary i mean you leave the room
32960	38720	knowing an objective fact about the state of your skeleton broken or not broken it's just a clean
38720	46080	undeniable reality and honestly even if the news is bad there is something deeply uh comforting about
46080	51360	that we just we desperately like things to be visible we want our problems categorized and
51360	56080	neatly labeled so we know exactly what we're dealing with which is i think why we struggle so much when
56080	60240	the problem is the physical when you step out of the orthopedics ward and into the realm of
60960	68720	psychology or you know trauma suddenly that pristine x-ray machine is completely useless the diagnostic
68720	75440	landscape just becomes incredibly murky we have to rely on self-reported feelings behavioral observations
76080	83120	and uh totally subjective interpretations it is the absolute definition of diagnostic muddy waters
83120	86960	and i bring this up at the start of our deep dive today because we are going to look
86960	91600	at something that falls right into that murky category something we all you know casually talk
91600	96480	about and think we understand perfectly which is optimism yeah we really treat optimism like we
96480	104000	treat that clean x-ray exactly society categorizes you you are either a glass half full person just
104000	109120	bounding out of bed ready to seize the day or you are a glass half empty person always waiting for the
109120	115680	other shoe to drop we fundamentally think of optimism as a mood it's a personality trait right or or worse
115680	121840	a cognitive bias right the rose-colored glasses the rose-colored glasses it's artificially overestimating
121840	125920	your chances of success or just blindly stubbornly believing that things are going to work out better
125920	132800	than the cold hard reality actually supports and that is the standard definition across almost every
132800	139600	single discipline i mean economists psychologists everyday people chatting in a coffee shop we almost
139600	146000	always model optimism as a distortion of probability right the assumption is that the optimist looks at the
146000	152160	objective evidence sees that they have say a 10 chance of just succeeding and then their brain just sort
152160	158800	of arbitrarily bumps up that likelihood to 50 so they can feel good about themselves the classic toxic positivity
158800	164800	trap but here's the massive question we are tackling in this deep dive what if true optimism isn't about
164800	171680	distorted beliefs at all what if genuine optimism has absolutely nothing to do with feeling lucky or
171680	177680	ignoring the odds or manifesting good vibes which is a huge pivot it's a massive pivot our mission today is
177680	182880	to completely dismantle your conventional understanding of what it means to be an optimist because we are
182880	188720	looking at a truly groundbreaking incredibly rigorous mathematical paper published in september 2020
189440	195360	by an independent researcher named fliction it is simply titled the roots of optimism and this
195360	201920	paper does something i have genuinely never seen before it redefines optimism not as a feeling in your head
201920	206560	but as an objective structural property of the physical world and the choices you make within it
207120	212800	i promise you by the end of this conversation you are going to have a completely revolutionized mental model
212800	219040	for evaluating your own resilience your persistence and your hope when you are facing incredibly complex
219040	225040	messy real world problems the shift in perspective this paper demands is just immense to move away from
225040	231920	optimism as just a rosy unjustified belief fliction introduces this foundational concept called transformability
231920	237280	transformability okay break that down for us so the thesis here is that true optimism is the conviction that
237280	243440	actions exist to convert a damaged or incomplete state into a viable one it's not about walking into a
243440	249760	casino and being absolutely certain that you will win big it is about knowing that a next move is available
249760	257280	to you when things are broken so in the language of the paper an agent which could be you a corporation
257280	264880	a biological organism literally any entity taking action an optimistic agent doesn't necessarily
264880	271440	believe that their next specific repair will work perfectly okay what they believe is that repair pathways
271440	276640	remain open to them let me see if i can translate this because this is the fundamental pivot of the whole
276640	282240	deep dive and we really need to nail this before we get into the heavy math please do compare the standard
282240	288080	old school definition of optimism to someone buying a lottery ticket the lottery ticket buyer sits on
288080	293360	their couch clutching the ticket feeling lucky they are distorting the probability of winning in their
293360	300480	head that's epistemic delusion exactly but this new view this structural optimism from the paper is more
300480	306560	like a master mechanic looking at a completely rusted out broken down car engine sitting in a jump yard that's
306560	311600	a great analogy the mechanic isn't delusional right they aren't looking at a rusted piston and
311600	317760	hallucinating that it's pristine chrome they see the rust but they also see a clear sequential chain
317760	324320	of repair actions that you and i simply do not see they know that if they apply a solvent to this bolt
324320	330240	and heat this joint with a torch and machine this specific gasket the engine might actually turn over
330240	336240	they see the next move that captures the essence beautifully because to the untrained eye of a layperson
336240	341360	that rusted engine is a terminal state it's garbage it's over yeah i just walk right past it
341600	346560	right but to the mechanic equipped with tools and knowledge it is simply a damaged state that
346560	352160	possesses high transformability flixima sets out to take this exact disposition the mechanics view of
352160	358080	the world and formalize it mathematically how do we rigorously describe the state of being able to fix
358080	364080	broken things and the math goes so deep on this it really does the framework organizes this disposition
364080	369520	into three auditable logical questions that we're going to explore in depth today first does a worthwhile
369520	375760	move exist that is a dividing line between hope and despair okay does a move exist second can the
375760	381440	failure of that move be survived that is the dividing line between rational experimentation and
381440	389280	total catastrophic ruin wow okay and third is your mental model correctable by reality that distinguishes
389280	396160	genuine optimism from self-sealing delusional belief it takes these lofty poetic concepts that
396160	402240	philosophers have argued about for centuries like hope despair resilience and just forces them through
402240	407920	an absolute meat grinder of mathematical logic it's brilliant so let's look at the anatomy of this
407920	413200	repairable world let's do it let's go back to our mechanic looking at the rusted engine or maybe something
413200	419120	more relatable for the listener like a freelancer staring at a failing business how does the paper define
419120	424960	the actual state that we are starting from it refuses to reduce your state to a single metric you cannot just
424960	430000	look at a bank account and declare someone viable or ruined your state at any given moment is a
430000	435520	multi-faceted ledger a ledger like an accounting ledger exactly it records five distinct components
435520	442000	first your material resources the hard cash the equipment the tangible assets second your practical
442000	448400	knowledge the actual skills and information you possess to manipulate the world okay third your social
448400	454400	support the network of people willing to assist or vouch for you fourth your accumulated obligations the
454400	460560	debts the promises the active dangers you are fending off and fifth your baseline health and labor
460560	466640	capacity your physical and mental ability to do work so it is a very holistic accounting of everything
466640	472720	you bring to the battlefield like i could have a massive bank account high material resources but if i
472720	478720	am chronically ill totally isolated with absolutely no friends and fending off three lawsuits my overall state
478720	484240	is wildly different than someone who has zero dollars but is young healthy and has 20 friends willing to
484240	490240	let them sleep on their couch and within that fast multi-dimensional space of possible human states the
490240	496480	framework draws a very sharp binary distinction every state is either viable or damaged viable or damaged
496480	502640	yeah a viable state means you can function you can meet your obligations and you can maintain your existence
502640	508880	without outside intervention a damaged state means something in that five-part ledger is broken
508880	514880	incomplete or fundamentally unsustainable your business is losing money or your health is failing
514880	520720	or your social network has collapsed right which let's be honest most of us spend a good chunk of
520720	527200	our lives dipping into damaged states oh constantly but here is where the math really kicks in if i am in a damaged
527200	533200	state how do i know if the world around me is actually repairable so the paper provides a stripped
533200	540080	definition for a mathematically repairable world it states that a world is repairable if starting from
540080	546160	a damaged state there exists a feasible policy a sequence of actions that reaches a viable state within
546160	552160	a certain number of steps and the probability of that entire sequence failing is no greater than the
552160	556720	specific threshold okay let's bring that down to earth and get away from the abstract variables
556720	562000	let's use my failing freelance graphic design business as the damaged state my client base is
562000	568000	dried up and my bank account is draining to be in a repairable world means there has to be a specific
568000	574480	sequence of actions let's say it's a 10-step plan step one fire my expensive accountant step two
574480	582320	redesign my portfolio step three cold call 50 local businesses step four run a targeted ad campaign and so
582320	588800	on 10 steps right and the math says there is a cap on the acceptable failure rate for this whole 10-step
588800	594480	plan let's call that acceptable failure rate our margin of error does that sound right that is a solid
594480	599600	operational translation yes and what is crucial to understand is that this margin of error the overall
599600	605120	chance that your 10-step plan to save the business totally fails can actually be quite substantial the
605120	611040	mathematics do not demand guaranteed success they don't know not at all the framework explicitly states that
611040	616800	your acceptable failure rate might be 20 or 40 or even 60 percent a world is still mathematically
616800	622240	repairable even if the repair is risky it just requires that a pathway actually exists and the
622240	629760	failure rate isn't 100 percent in a repairable world a damaged condition is rarely treated as a terminal
629760	634880	fatal diagnosis this is the part that hit me the hardest when i was reading the source material the paper
634880	641920	draws an incredibly aggressive line between epistemic optimism and structural optimism and i think this
641920	647600	distinction is the exact trap almost every single one of us falls into when we try to force ourselves
647600	653520	to be positive during a crisis it is the ultimate trap structural optimism refers to the actual objective
653520	660160	physical and social reality of those viable repair paths it is a fact about the universe you either
660160	665840	genuinely possess the money the network and the skills to execute that 10-step business pivot or you
665840	671040	do not right the universe does not care if i have a vision board the structural reality absolutely does
671040	677040	not care about your feelings epistemic optimism conversely is solely your internal belief that those
677040	683760	paths exist and will work out you can be highly epistemically optimistic while being structurally doomed i can
683760	689440	sit in my office visualizing success deeply believing i can save my graphic design business
689440	694560	but i fundamentally lack the actual skills to redesign my portfolio to modern standards
695360	700560	i have the epistemic belief but i lack the structural reality i think i can fix the engine
700560	706640	but i just don't own a wrench which leads directly into one of the most sobering proofs in the entire paper
706640	712560	it outlines the catastrophic danger of calibration error what actually happens to a person when their
712560	719200	perceived probability of a successful repair differs from the cold structural reality of their situation
719440	724880	well i mean nobody is a perfect calculating machine we are all miscalibrated to some degree
724880	729760	like if you ask a room full of drivers 90 of them will say they are above average drivers it's just
729760	736640	human nature to overestimate our ability is just a tiny bit it is but the math reveals the terrifying physics of that
736640	743520	tiny everyday miscalibration let's say the gap between how capable you think you are and how capable you actually are
743520	750000	is just five percent you think you have a 95 chance of succeeding at a task but the structural reality
750000	755840	is only ninety percent okay five percent gap the paper proves that this error does not stay static
755840	761200	it grows linearly with the length of your repair chain well if your plan requires multiple dependent
761200	766400	steps you multiply your miscalibration by the number of steps okay we need to camp out here and
766400	772400	really unpack this compounding error because it completely blew my mind let me try an everyday analogy go for it
772400	778640	let's say i am doing some home renovation i am putting up drywall in a kitchen and i am just
778640	785200	five percent too confident about my ability to measure score and snap a single piece of drywall
785200	791120	perfectly my error margin is just 0.05 if i only have to cut one single piece of drywall to finish
791120	796320	the entire pitch in just a one-step plan then my total error is just that five percent i think i have
796320	802160	a 95 chance of a perfect wall but actually it's 90 no big deal if i mess it up i go to the store i
802160	808000	buy one more piece i can survive that reality gap the problem is that meaningful repairs in life are
808000	814560	rarely a single isolated step exactly real life isn't one piece of drywall let's say i am trying
814560	821120	to execute a 10-step plan to save a failing software project at my company step one relies entirely on
821120	827280	step two being completed which relies on step three all the way down if i am just five percent miscalibrated
827280	832400	on my ability to execute every single dependent step that area doesn't just sit politely at five
832400	838240	percent no it doesn't it compounds with every link in the chain by the time i am visualizing step eight
838240	844320	or nine my perceived chance of saving the project is wildly dangerously disconnected from reality
844320	848400	i might walk into the boardroom and confidently declare i have an 80 chance of pulling off this
848400	854240	miracle when objectively structurally my chances of chaining 10 successful steps together are closer to
854240	860080	30 percent it's a massive delusion yeah so how on earth does an optimist survive living so close to
860080	865920	the margins when the fundamental math of compounding error is actively working to blind them to reality
865920	871760	you've identified the existential threat of optimism right there a mental miscalibration that is
871760	878960	completely harmless for a simple one-step repair accumulates into a fatal blinding overestimate
878960	884640	for any repair requiring a long sequence of dependent actions and an agent who is already living close
884640	889920	to their limits someone with a drained bank account or failing health trying to pull off a complex
889920	896080	multi-stage recovery is massively exposed to this compounding blindness because they have no room for
896080	903200	error exactly this is why true structural optimism demands a hyper awareness of the complexity of your plans
903200	908400	the longer the sequence of actions required to save yourself the more perfectly brutally calibrated your
908400	914800	beliefs must be to reality this raises a huge question for me if navigating repairs is so inherently
914800	920560	dangerous and the math proves that complex plans compound our natural human errors until we are
920560	925520	basically hallucinating our chances of success why do we do it that's the million dollar question
925520	933280	why do humans actively seek out broken things why do people buy messy fixer upper houses instead of clean
933280	939120	move-and-ready condos why do we start businesses from scratch instead of just taking a safe corporate
939120	945200	salary this feels like a good place to pivot into the value of unfinished things and what the paper calls
945200	950640	the agency surface it's a vital pivot because it explains the evolutionary and mathematical drive
950640	956880	behind all this risk-taking to understand why we are drawn to the unfinished we have to look at the concept
956880	963280	of the agency surface agency surface imagine your life and your future as a sprawling topographical map
963840	970000	the agency surface is the total set of all possible states all possible destinations on that map that
970000	975280	you mathematically have access to and your access is determined by two things your available budget
975280	980800	which includes your money your physical energy and your time and your reliability level in executing
980800	986240	actions so my agency surface is basically the menu of possible futures i can afford to order from
986240	992000	that's a really good way to look at it and the paper provides a formal proof for why we inherently value
992000	997680	a large menu it demonstrates mathematically that enlarging the set of feasible actions available to
997680	1004000	you at any given moment strictly raises your ceiling for optimal value okay walk me through that if you
1004000	1010160	are standing in a state that offers you five possible next moves and you compare that to a state that offers
1010160	1017520	you 50 possible next moves the state with 50 moves has a fundamentally higher optimal value potential
1018240	1023680	provided of course the cost of exploring those moves doesn't immediately bankrupt your budget right
1023680	1029520	this provides a rigorous mathematical explanation for the classic human craving for flexibility and open
1029520	1036080	doors this crystallized for me when i read the example in the text about finish versus unfinished objects
1036080	1041120	think about a highly finished consumer product let's say you spend a fortune on a heavily locked down
1041120	1047520	proprietary smartphone or a business signs a very rigid finalized vendor contract yes the finished state
1047520	1052880	the finished object offers a lot of immediate comfort the phone works flawlessly right out of the box
1053520	1060160	but its agency surface is microscopic you can only use the phone exactly as the manufacturer intended
1060160	1065680	you can't tinker with the hardware you can't install a custom operating system you can't easily
1065680	1070800	repurpose its microchips if you need them for something else you are essentially trading away
1070800	1077600	your future moves for present convenience now contrast that finished state with an unfinished property
1077600	1083040	or a disassembled machine or even an untrained puppy oh the puppy analogy is so good the immediate
1083040	1089600	present utility of an untrained puppy or a gutted stripped down house is terribly low in fact the present utility
1089600	1095440	is often negative it causes you stress it drains your wallet and you definitely can't live in the gutted house yet
1096160	1102080	but the agency surface of that gutted house is massive you can move the walls upgrade the plumbing
1102080	1107120	turn it into a duplex or make it a commercial studio let me push back on this a little bit or at least ask
1107120	1112880	for clarification on the math because the paper talks about the let me get the quote right the discounted
1112880	1118960	gain from the reachable future outweighing present sacrifice right does this mean that mathematically
1118960	1126480	speaking a chaotic messy sandbox where i can build absolutely anything meaning i have a huge agency
1126480	1132320	surface holds objectively higher value than a beautiful pristine museum room where everything is
1132320	1138480	perfect but i am not allowed to touch or change a single thing as long as playing in the sandbox doesn't
1138480	1145440	totally ruin me yes exactly a state with lower present comfort is mathematically preferable when the discounted value of all the
1145440	1151200	potential futures you can reach from that state outweighs your present suffering and the energetic cost of taking action
1151200	1156400	action it's a very cold equation you are actively trading present comfort for future optionality
1156400	1160480	but wait humans just naturally feel good when we have options right like we get a little
1160480	1164800	psychological dopamine hit when we feel like our weekend schedule is wide open or when we walk into a
1164800	1170480	massive hardware store and see a huge wall of tools does the math in this paper just
1170480	1175120	staple a fake bonus feeling onto states with lots of options to make the equations work
1175120	1180640	like add 10 points for the feeling of freedom what makes this framework so robust is that it
1180640	1186720	absolutely refuses to do that it doesn't rely on some ad hoc psychological bonus for having options
1186720	1191200	the rigorous math of the optimal value function proves that reachable states are only counted to
1191200	1197600	the extent that they're actually worth reaching okay so it's not just a feeling no the math does not
1197600	1203200	say having options is magical and makes humans happy the math dictates that having more feasible actions
1203200	1208480	mathematically guarantees that your ceiling for expected value is higher simply because the
1208480	1213920	highest possible outcome is being pulled from a much larger pool of possibility that makes total sense
1213920	1220320	but here's the catch you only value that messy sandbox more if you genuinely possess the
1220320	1227600	skills and resources to build something valuable inside it if you lack the skills the massive agency surface
1227600	1232960	is worthless to you okay so true optimism isn't just staring at a broken messy thing and smiling
1233440	1237600	it's recognizing that the broken thing has a massive agency surface and knowing you
1237600	1243520	actually have the tools to navigate that surface precisely but navigating that surface is incredibly
1243520	1249680	dangerous as we learned with the compounding errors every single step carries the risk of failure
1250480	1257520	so if we are going to dive into the messy sandbox how do we survive the journey without blowing up our lives
1257520	1262960	this brings us to the physics of resilience if you're going to take on unfinished things if you're
1262960	1270480	going to aggressively exercise your agency you absolutely must maintain what the framework calls a repair
1270480	1274960	reserve we touched on this earlier when we talked about the state space ledger but let's really drill
1274960	1279520	down into the reserve imagine i'm the listener and i'm trying to figure out how much risk i can take
1279520	1286080	right now what actually is my reserve your repair reserve is a constantly fluctuating weighted combination of
1286080	1292160	those key resources we mentioned earlier your capital your practical skills your social safety net and
1292160	1297280	your physical health and there is an absolute unbreakable rule governing this reserve which
1297280	1302880	an agent remains viable only as long as this aggregate reserve stays above a specific threshold of
1302880	1309600	commitments think of this threshold as your baseline burn rate or your non-negotiable obligations
1309600	1315920	if your reserve drops below this threshold you are ruined you are no longer viable the game is
1315920	1323200	basically over i'm trying to picture this dynamically so my reserve is like a battery or maybe a massive
1323200	1328320	reservoir of water and my baseline threshold my obligations is a huge leak at the bottom of the
1328320	1333440	reservoir i like that visual as long as the water level stays above the leak i have pressure i can keep
1333440	1338560	splashing around trying to fix my car trying to launch my startup trying to repair my relationships but the
1338560	1344960	moment the water level drops below that leak i lose all pressure i am done that's a strong visual and
1344960	1349840	that reservoir is never static you are constantly gaining resources through learning new skills earning
1349840	1354640	a paycheck getting a favor from a friend and you are constantly losing resources through unexpected
1354640	1361360	emergencies illness and just the daily energetic cost of maintaining your life this continuous push and
1361360	1366560	pull introduces the concept of the adjustment coefficient i found the math behind the adjustment
1366560	1371360	coefficient to be profoundly moving actually particularly when applied to how we interact with the
1371360	1377040	people we care about can you explain what this coefficient is doing in the simplest terms the
1377040	1383920	adjustment coefficient is a mathematical measure of your upward drift versus your daily fluctuations
1383920	1388960	upward drift yeah if you are generally accumulating slightly more resources than you are bleeding out
1388960	1395120	and your daily losses aren't wildly erratic or unpredictable you have a strong positive adjustment
1395120	1401840	coefficient the higher this coefficient is the mathematically lower your probability of ever hitting that threshold
1401840	1409360	of total ruin so how does outside help factor into this physics equation because nobody survives the messy sandbox
1409360	1415520	entirely alone we all need help when we are trying to do hard things the math reveals a stark structural
1415520	1420800	difference between two distinct types of help let's look at the first type one-time injection of support
1420800	1426320	let's say you're trying to start a business you're completely out of cash and you're about to hit your
1426320	1433760	ruin threshold a good friend writes you a check for five thousand dollars a lifesaver it is mathematically
1433760	1440160	this raises your current reservoir level it multiplies your ruin bound by an exponential factor
1440720	1446160	it physically pushes you further away from the danger zone for a brief moment it is very helpful but i hear a
1446160	1453200	butt coming but a standing stream of regular reliable assistance does something fundamentally more
1453200	1459680	powerful to your physics the framework proves that a reliable stream of help even if the dollar amount
1459680	1466640	is incredibly small actually alters the adjustment coefficient itself it fundamentally lowers the probability
1466640	1471680	of total ruin at every single level of your reservoir i want the listener to really hear this because
1471680	1475440	it changes how we should think about supporting each other let's say you have a friend
1475440	1480400	who is structurally optimistic they are grinding away at a new creative project they are working
1480400	1485840	incredibly hard but the water level in their reservoir is getting dangerously low right they're
1485840	1491840	struggling the natural human instinct is to wait until they are in a state of total screaming crisis
1491840	1497280	and then swoop in and write a massive check or spend an entire weekend bailing them out of their mess
1497840	1503840	but the math of the adjustment coefficient says that setting up a small boring but totally reliable
1503840	1508720	system of support like committing to cooking them dinner every single tuesday night so they don't have
1508720	1515200	to think about food or quietly putting their 50 internet bill on your auto pay does vastly more
1515200	1521040	mathematical good for their survival than the dramatic one-time bailout it absolutely does the one-time
1521040	1527120	bailout simply buys them time to continue bleeding the standing stream of support changes their underlying
1527120	1532560	physics it permanently reduces the variance of their daily struggle by increasing their adjustment
1532560	1537520	coefficient it means that every single risk they take on their agency surface from that day forward
1537520	1542240	is mathematically safer than it was before you set up the auto pay that is incredible it completely
1542240	1547520	reframes charity social safety nets and just basic friendship yeah it is not about the grand magnitude
1547520	1553120	of the rescue it is entirely about the boring reliability of the baseline support and this mathematical
1553120	1558560	focus on flow and structure leads to another deeply counterintuitive insight about resources
1559200	1564480	when we think of resilience we usually think of hoarding we assume that the person with the biggest pile of
1564480	1570720	stuff is the safest sure that's the default intuition a massive reservoir equals massive resilience if you
1570720	1576000	have a billion dollars you can buy your way out of any problem but fliction shifts the focus entirely
1576000	1583200	away from the static accumulation of resources and focuses on the conversion of resources the paper introduces a graph
1583200	1588880	theory of resilience imagine your various capacities as nodes on a network map you have money you have
1588880	1595040	physical equipment you have mobility and you have labor capacity to survive you must be able to convert
1595040	1600800	money into equipment equipment into mobility and mobility into work okay so i am picturing a supply chain
1600800	1607600	my life is a supply chain of my own abilities yes and the paper applies a principle called menger's theorem to
1607600	1613600	this personal supply chain menger's theorem proves that your true resilience is not determined by the
1613600	1618640	total volume of your resources nor is it determined by counting up all the possible paths you could
1618640	1624960	theoretically take your objective resilience is defined entirely by what is called the minimum cut
1624960	1628480	the minimum cut let's break that down what does that actually mean for the billionaire
1628480	1634880	the minimum cut is the minimum number of independent completely non-overlapping conversion channels you possess
1635520	1641840	if you have massive unfathomable wealth billions of dollars but the only way you can convert that
1641840	1648720	wealth into actual food shelter and safety is through one single centralized banking system your resilience
1648720	1654240	is exactly one wow because if that one note fails if that bank account is frozen or the grid goes down
1654240	1659280	your massive pile of wealth is entirely disconnected from your viable state you cannot eat the digital numbers
1659280	1665600	in the bank let me contrast that so let's say we have someone who has very little actual cash but they
1665600	1671920	have three completely decoupled ways to feed themselves they have a small thriving vegetable garden in their
1671920	1677920	yard they have a close friend who manages a local grocery store and would let them run a tab and they
1677920	1683440	possess the practical knowledge to safely forage for wild edibles in the nearby woods that's a perfect
1683440	1689360	example that person has a conversion resilience of three they are mathematically structurally more
1689360	1694080	resilient against starvation than the billionaire whose wealth is locked behind a single digital
1694080	1701280	bottleneck precisely resilience is about disjoint conversion routes it is about how many independent
1701280	1706800	non-overlapping ways you can route around a failure in your system this framework completely decouples the
1706800	1712560	concept of resilience from sheer net worth a truly optimistic agent isn't necessarily the richest person
1712560	1717120	in the room they are the most highly networked in their conversion channels all right so let's summarize
1717120	1723200	where we are if we want to be true structural optimists we need a healthy reservoir we need reliable
1723200	1729680	boring streams of baseline support to improve our upward drift and we need multiple independent
1729680	1735600	conversion channels so we don't get choked out by a single bottleneck that's the foundation yes but here is the
1735600	1742080	thing i know people who have all of that i know incredibly smart well-resourced optimists and they
1742080	1748640	still fail spectacularly all the time why what are the hidden bear traps in this repairable world the
1748640	1755840	most fatal trap for the smart well-resourced optimist is the assumption of uncoupled hazards uncoupled hazards
1755840	1762800	meaning treating risks like they exist in a vacuum exactly it is the error of calculating risks as if they have
1762800	1767120	absolutely nothing to do with each other let's say you're managing a complex life transition you're
1767120	1772000	moving to a new city starting a new job and renovating a house all the same time sounds stressful
1772000	1780240	very so you calculate the risks task a the move has a 10 chance of going totally wrong task b the new job
1780240	1788320	transition has a 10 chance of failing task c the renovation has a 10 chance of disaster the standard
1788320	1793360	independent way of thinking the way we are all taught probability in high school says well the odds
1793360	1799120	of all three of these independent things failing at the exact same time is 10 times 10 times 10
1799760	1806160	which is 0.1 right a tenth of a percent i am totally safe you multiply the independent probabilities
1806160	1812560	and it makes you feel incredibly secure to look at a spreadsheet and see a 0.1 chance of total failure
1812560	1817360	but the real world doesn't work like a spreadsheet no it doesn't and the framework introduces the
1817360	1823200	mixture model of latent stress to prove why this spreadsheet math is disastrously wrong when applied
1823200	1829520	to human reality in the real world hazards are not independent they are deeply coupled through common
1829520	1834800	underlying causes think back to your state space ledger your physical health your mental energy your
1834800	1841120	social support okay i'm tracked if a latent stressor hits you let's say you contract a nasty flu virus
1841760	1846240	which significantly drops your physical labor capacity that doesn't just make you cough
1846800	1854000	it delays your ability to pack boxes for task a that delay forces you to start your new job exhausted
1854000	1859920	for task b which causes you to make a mistake that puts financial stress on the renovation budget for
1859920	1868000	task c ah it's the mathematical proof of the old saying when it rains it pours yes and the math behind
1868000	1873840	this clustering of failures proves something incredibly counterintuitive assuming that your hazards are
1873840	1878960	independent actually tricks you into thinking a perfectly clean outcome a month where absolutely
1878960	1884000	nothing goes wrong is less likely than it actually is wait you're losing me assuming my risks are
1884000	1888560	independent makes me pessimistic about having a perfect day yes think about the math if you have
1888560	1894160	50 moving parts in your life and they are all truly independent pulling their own random numbers every day
1894160	1899360	the sheer volume of moving parts practically guarantees that at least one little thing will break every single
1899360	1905440	day but when those parts are actually coupled by a latent variable like your overall stress level or
1905440	1911120	your sleep quality you might actually experience long beautiful stretches of perfect success
1911120	1916000	simply because your latent stress happens to be very low that month everything runs smoothly because
1916000	1921280	the underlying engine is well oiled the dependent map makes a hundred percent clean run more likely
1921280	1926720	okay i follow that but why is that a trap if the math gives me more perfect days isn't that a good
1926720	1932880	thing for my mental health it is a lethal trap because while it gives you more perfect sunny days
1932880	1938720	it dangerously catastrophically understates how often everything will collapse simultaneously if you build
1938720	1944560	your reservoir to handle the average number of independent failures let's say you expect one or two
1944560	1949440	minor things to break a month so you keep a little bit of extra cash on hand your reservoir is going
1949440	1954640	to be instantly violently wiped out by a coupled cluster where seven major things fail on the exact
1954640	1960400	same tuesday because you got the flu and your latent stress spiked oh man i feel this in my bones
1960400	1966480	so the smart optimist looks at their track record over the last six months and says look at this i've had
1966480	1972480	20 perfect weeks in a row my system is bulletproof right but they are totally ignoring the fact that when
1972480	1978320	the system finally fails it won't fail nicely sequentially one little manageable piece at a
1978320	1985120	time it will cascade it will cluster and if their reservoir isn't built to absorb a simultaneous seven
1985120	1991600	point catastrophic impact their threshold gets breached and they are ruined that is the exact
1991600	1997280	unforgiving mathematical reality and the paper expands on this by analyzing the burden of concurrent
1997280	2002240	commitments as you take on more and more projects the burden on your reservoir does not grow linearly
2002480	2007600	you don't just add one unit of stress for every one project the burden grows quadratically
2007600	2013040	quadratically meaning the line on the graph curves upwards aggressively yes because of the interaction
2013040	2018720	friction if you have two spinning plates they interact with each other if you add a third plate it doesn't
2018720	2025360	just add its own weight it introduces potential friction with plate one a and d plate two adding a fifth
2025360	2031760	plate creates a massive tangled web of potential collisions with the other four the math dictates there is a
2031760	2037440	strict burden threshold once you pass a certain number of concurrent commitments the interaction
2037440	2043760	terms completely overwhelm your baseline capacity so the hustle culture myth of endless multitasking
2043760	2050080	isn't just inefficient mathematically it is a rapid guaranteed path to structural ruin if you aren't
2050080	2055760	scaling your reservoir quadratically to match it which nobody does correct but internal traps like
2055760	2061680	clustering and spinning too many plates aren't the only dangers affliction also models external traps
2061680	2066560	this brings us to a concept called institutional permeability i found this concept fascinating because
2066560	2072000	it speaks directly to how we try to navigate modern careers and systems break down institutional
2072000	2080240	permeability for us permeability is the probability that a rigid institution a mega corporation a prestigious
2080240	2087200	university a government agency will actually recognize and reward a competence or a need that is
2087200	2093600	demonstrated outside of their formal officially sanctioned pathways let me try a real world tech
2093600	2099280	industry analogy here to see if i'm tracking the math of this trap this sounds exactly like the classic
2099280	2105120	dropping out of college to build a killer app narrative let's hear it how you map it so you have a formal
2105120	2110720	institutional path go to a four-year university get a traditional computer science degree apply for an
2110720	2117040	internship get hired by google that path has a known heavy cost tuition four years of your life and a
2117040	2123680	known reward but you the ambitious structurally optimistic 19 year old see an informal path you say
2123680	2129120	i'm going to drop out teach myself to code in my basement for six months and build a brilliant undeniable
2129120	2134160	portfolio right you assume that if you just show up at google store with your brilliant code they will
2134160	2138720	instantly recognize your genius and hire you you assume the permeability of the institution is 100
2138720	2143920	percent you assume merit always wins you map the math perfectly you believe the true probability of
2143920	2150480	recognition is very high your perceived permeability is nearly a hundred percent but the harsh reality is
2150480	2156320	the hr algorithms filtering the resumes don't care about your brilliant code they are literally programmed
2156320	2162880	to auto reject any application that lacks the exact text string bs and computer science the true
2162880	2168960	permeability is actually close to zero so what does the framework say happens to the optimist who makes
2168960	2175200	this miscalculation it proves there is an exact measurable regret that is paid directly out of your
2175200	2180960	life's reservoir when you miscalculate institutional permeability the formula literally subtracts your
2180960	2186320	expected net value from the optimal safer choice you should have made if you had known the true
2186320	2192480	rigid nature of the institution that is brutal it is you assume the informal basement coding path had a
2192480	2198240	high reward but you vastly overestimated the corporation's willingness to accept non-traditional
2198240	2204960	credentials this regret isn't just a sad emotional feeling of oh i wish i hadn't wasted that year
2204960	2211840	it is a mathematical tax levied on your reservoir if you repeatedly misallocate your energy in years
2211840	2217120	because you romantically overestimate how permeable the world is you permanently decrease your adjustment
2217120	2222400	drift you drain your battery you push yourself steadily closer to ruin man this is a heavy
2222400	2226800	realization we've learned that smart people fail because they think hazards are independent they
2226800	2231760	take on too many interacting commitments and they naively assume the world will recognize their
2231760	2237600	unconventional brilliance hearing all this it feels like the math is screaming at us to just stay inside
2237600	2243440	do one safe thing at a time and follow the rigid corporate rules but that cannot be what true optimism is
2243440	2248480	about exactly which brings us to the philosophical core of the entire paper the anatomy of hope and
2248480	2256240	the threshold for persistence yes despite all the traps in the math of ruin flexion defines what it
2256240	2263360	actually means to mathematically possess hope practical hope is defined simply as the non-emptiness of your
2263360	2268400	viable action set the non-emptiness of the viable action set meaning when you look at the menu of your
2268400	2275280	life there is at least one item left to order that is it if there is even one single action available
2275280	2281360	to you that has an expected value greater than the cost it takes to execute it you mathematically possess
2281360	2288000	practical hope and what is profoundly crucial here is that this mathematical hope does not require a high
2288000	2292880	probability of success let me push back on that because society tells us that hoping for something with
2292880	2298320	terrible odds is just foolish gambling why doesn't hope require good odds because the math balance
2298320	2303280	is probability against the ultimate value of the outcome if an action costs you ten dollars in
2303280	2308400	energy to attempt but the successful outcome would bring ten thousand dollars of value to your life
2308400	2313520	you only need a microscopic fraction of a percent chance of success for that action to technically
2313520	2319520	belong in your viable action set you could be persisting through repeated crushing failures facing
2319520	2325920	laughably low odds on every single attempt and still be acting completely rationally as long as the
2325920	2333440	massive reward outweighs the tiny cost of the attempt so on the flip side despair is the cold mathematical
2333440	2339520	conclusion that the viable action set is completely empty there are literally zero moves left on the
2339520	2344720	board where the potential reward outweighs the energy it would cost to make the move right but this
2344720	2350720	dynamic raises one of the most profound behavioral questions we face why do some people persist when everyone
2350720	2356000	observing them thinks they should clearly give up we see this constantly an entrepreneur pours seven
2356000	2360960	years of their life into a failing startup that keeps pivoting or someone stays in a deeply struggling
2360960	2365520	relationship long after all their friends have staged an intervention and told them to walk away
2366400	2372080	are these people just delusional are they ignoring the math of their own ruin i really want to know how
2372080	2377600	the paper answers this because our culture aggressively labels those people as crazy we have an obsession with
2377600	2382080	cutting your losses if you try something and it fails a few times society says read the room give up
2382080	2388240	move on flixen answers this by introducing the bay's threshold for abandonment it frames the agonizing
2388240	2396240	decision of when to finally quit as a clash between two very specific competing types of loss first there's
2396240	2403120	the loss of a false terminal this is the profound tragedy of abandoning a state that actually could have
2403120	2407440	been repaired if you had just tried one more time you give up too early okay the false
2407440	2413600	terminal and the second second there is the loss of a false repairable this is the agonizing pain of
2413600	2420240	continuing to pour your finite time money and emotional energy into a state that is objectively
2420240	2426080	structurally doomed okay let's map this to the real world the false terminal is giving up on your startup
2426080	2430560	liquidating the assets and then realizing later that your final prototype would have worked
2430560	2436320	perfectly it's the tragedy of the premature exit the false repairable is wasting five more years of
2436320	2441040	your prime earning potential burning through your savings on a startup that was fundamentally
2441040	2448240	guaranteed to go bankrupt no matter what you did exactly the mathematically optimal rule for living
2448240	2454240	says you should only classify a state as terminal you should only finally give up when your internal
2454240	2460800	probability of successful repair drops below a specific ratio of those two distinct losses wait hold on so
2460800	2465360	when we sit around and call someone delusional for not giving up on their failing business or their messy
2465360	2471360	relationship it might not be a failure of logic or a distortion of probability on their part at all
2471360	2476560	they might see the exact same one percent chance of success that all their friends see but they just
2476560	2482880	internally wait the profound tragedy of giving up too early much much higher than the pain of wasting a few
2482880	2488080	more years you've hit the absolute core of the argument persistence is frequently a matter of loss
2488080	2494400	asymmetry not epistemic delusion if a person considers the loss of an abandoned repairable state to be
2494400	2499440	infinitely tragic say a parent refusing to give up on finding a cure for a sick child
2499440	2504480	or an artist refusing to abandon their life's magnum opus they will logically continue to invest
2504480	2509360	effort even when the probability of success is microscopically small to an outside observer who
2509360	2515200	values time and money very highly and therefore weights the wasted effort more heavily this persistence
2515200	2522560	looks like pure madness but mathematically if you respect the agent's internal valuation of tragedy
2522560	2528080	their refusal to quit is a perfectly rational threshold that is incredibly validating for anyone
2528080	2533200	listening to this who has ever been told they are trying too hard or holding on too long it is not
2533200	2539200	always delusion it is just a different calculation of tragedy but surely there has to be a limit right
2539200	2544240	people do make catastrophic mistakes they do stay way too long in abusive situations or doomed
2544240	2550480	financial ventures how does the paper account for actual damaging naivete if everyone's internal map
2550480	2556000	is technically rational the framework is very clear about what actual naivete is naivete is not simply
2556000	2561600	having a high tolerance for tragedy true naivete is specifically an underestimate of the continuation
2561600	2568000	cost an underestimate of the continuation cost yes it is a failure to accurately price in your own
2568000	2573920	physical exhaustion the irreversible loss of your prime years or the daily psychological toll the
2573920	2579760	stress is taking on your body you are fatally miscalibrated on how much it is actually costing you to
2579760	2584880	stay in the game you think staying in the bad relationship is costing you ten dollars a day in
2584880	2589840	emotional energy but the hidden cost to your health and future is actually a hundred dollars a day
2590480	2595440	because you vastly underestimate the burn rate your threshold for finally walking away
2595440	2601680	sits artificially dangerously low you don't realize how fast the water is draining out of your reservoir
2601680	2606400	because you refuse to look at the size of the hole and that failure to look at reality brings
2606400	2611760	us to the darkest section of the paper we sit this whole time talking about how miscalibration hurts
2611760	2617600	the individual but how does false optimism sustain itself over long periods of time and worse how does
2617600	2623280	it infect entire networks of other people yeah the paper talks about private miscalibration versus
2623280	2628560	publicly preserved miscalibration walk us through the difference private miscalibration is when your
2628560	2634560	internal beliefs are entirely protected from external evidence the framework models this by looking at how
2634560	2641600	an agent updates their beliefs normally a rational healthy mind updates its understanding of the world
2641600	2649120	based on every single success and every single failure but a privately miscalibrated mind applies a severe
2649120	2655680	discount to disconfirming outcomes this is what the paper calls blocked updating let me guess they
2655680	2661360	count the hits and completely ignore the misses that is the mechanism they systematically discount your
2661360	2667760	failures if their startup strategy succeeds they say see my internal genius is validated my system works
2667760	2673520	flawlessly if the exact same strategy fails spectacularly the next month they say well the macroeconomic
2673520	2678800	conditions shifted unexpectedly that wasn't my fault that failure doesn't count against my system it's always
2678800	2684160	someone else's fault the mathematics of this are brutal if you discount your failures by even a fraction
2684160	2688480	your calibration error will never go to zero no matter how many decades of evidence accumulate
2688480	2694000	you become permanently mathematically incorrigible you cannot learn okay that's the private delusion
2694000	2699920	of an individual but how does that poison the well publicly how does that infect a whole company
2699920	2706000	through an incredibly common structural dynamic called ratchet reporting let's apply this to a corporate
2706000	2712960	environment imagine you are a startup ceo reporting to a board of investors a ratchet reporting rule
2712960	2719280	means you are incentivized to report your absolute highest perceived probability of success to the board
2719280	2724640	and you are structurally punished if you ever revise that number downward even if you privately learned
2724640	2729920	that the initial number was a fantasy oh this is the classic silicon valley fake it till you make it trap
2729920	2736320	let's trace the math on this because this happens every day imagine that ceo launches a new ai product
2736320	2743520	privately looking at the buggy code the ceo believes it has an 80 chance of succeeding they go into the boardroom and
2743520	2751360	confidently pitch 80 the board loves it next month the user data comes back and it is a disaster the code is broken
2751360	2757680	nobody's buying it the ceo sits in their office and privately updates their belief they know the true
2757680	2762880	chance of success is now 40 but under ratchet reporting they cannot walk into the boardroom and
2762880	2768160	say hey guys it's actually 40 they would look weak the stock would tank they might lose their funding
2768160	2774400	entirely so what do they do they stay at 80 or to project even more confidence and hide the panic
2774400	2781760	they ratchet it up to 85 exactly even if the ceo is perfectly rational and correctable in their private
2781760	2789200	office even if they know the truth is 40 their public reports to the world are permanently miscalibrated
2789200	2795920	by at least their initial overly optimistic estimate and this leads to the compounding of misreports
2795920	2801120	which highlights the truly terrifying math for the observer the people who are forced to listen to and rely
2801120	2805920	on that report right because the board of investors doesn't just sit there twiddling their thumbs they
2805920	2812080	take that fake 85 number as gospel and they build a massive five-stage strategic corporate plan around
2812080	2819040	it and we know exactly what happens to complex plans based on miscalibrated numbers if the board believes
2819040	2826640	each of their five strategic stages has an 85 chance of success based on the ceo's ratchet report but the true
2826640	2831840	underlying probability of the tech working is only 40 percent the observer's overestimate grows
2831840	2837280	exponentially with the length of the plan the ratio of what the board believes will happen compared
2837280	2842640	to what will actually happen absolutely explodes into fantasy the board is looking at a spreadsheet
2842640	2847600	thinking they are mathematically guaranteed to make billions of dollars and in structural reality
2847600	2852640	they are mathematically guaranteed to drive the entire company off a cliff at 100 miles an hour
2852640	2857920	and it is all because the public reporting structure of the corporate culture punished the admission of
2857920	2864080	error the initial error was transmitted forced to remain high and then exponentiated by the network
2864080	2871520	it is a devastating mathematically proven critique of how toxic optimism is socially maintained in systems
2871520	2878720	that demand relentless positivity but the paper goes even further it tackles the illusion of experience
2878720	2885040	let's say you aren't relying on a lying ceo let's say you are relying entirely on your own personal
2885040	2892400	lived unimpeachable experience you have performed a specific dangerous task 30 times in a row and you
2892400	2898240	have never failed once you have a perfectly clean record your brain naturally assumes you must be safe
2898240	2903200	right if i have driven the exact same icy canyon route to work for 30 days straight and i haven't crashed
2903200	2908240	my car my brain strongly tells me that my personal risk of crashing on that route is effectively zero
2908240	2913600	i know what i'm doing the framework proves why our human intuition is mathematically completely wrong
2913600	2918720	here it introduces the rule of three if you have a completely clean record of 30 successful attempts
2918720	2923360	without experiencing ruin the rigid laws of statistics dictate that your true underlying
2923360	2928640	probability of hitting ruin on your 31st attempt could still easily be as high as 10 percent
2928640	2935760	wait i need to process that 30 perfect flawless successes in a row and i could still be operating a
2935760	2940800	system that has a one in 10 chance of completely destroying me every single time i turn the key
2941360	2947760	yes because distinguishing a rare catastrophic ruin probability from absolute zero requires an
2947760	2953280	incredibly long record it requires a sample size on the order of the inverse of the risk when risks
2953280	2959760	are small but fatal evidence accumulates agonizingly slowly your 30 days of lived experience which feels so
2959760	2965520	concrete and validating to your ego is a statistically tissue paper weak shield against rare ruin that
2965520	2969840	is deeply unsettling i hate that but it gets even worse when we look at other people's experience right
2969840	2974080	this might be my favorite most mind-bending part of the entire paper walk us through the mathematical
2974080	2980080	proof of survivor bias we live in a culture that constantly reads biographies and listens to three-hour
2980080	2985360	interviews with highly successful billionaires athletes and artists desperately trying to learn how they
2985360	2992080	navigate at extreme risk yeah but the math delivers the hardest coldest truth of the entire deep dive
2993040	2999120	observing only the agents who successfully survived an undertaking provides absolutely zero mathematical
2999120	3004480	information about the actual underlying probability of ruin i want to make sure i am fully grasping the
3004480	3009360	magnitude of this every single time i go to the bookstore and buy an autobiography of a billionaire to learn
3009360	3014960	how they risked their life savings on a crazy contrarian strategy the very fact that they are sitting
3014960	3019440	there writing the book the fact that they survived the strategy tells me literally nothing about how
3019440	3024880	statistically dangerous their strategy actually was literally nothing the mathematical proof is
3024880	3030960	undeniable if your data sample only includes people who successfully survived the gauntlet the likelihood
3030960	3035840	of the observed data is mathematically constant regardless of whether the true probability of ruin in
3035840	3041440	that gauntlet was one percent or ninety-nine percent the empirical frequency of ruin in a room full
3041440	3048960	of survivors is always by definition zero you simply cannot learn how deadly the minefield is by only
3048960	3053840	interviewing the people who successfully walked across it you don't see the ones who blew up my mind
3053840	3060000	is completely blown by the scale of this illusion we have based entire global industries entire self-help
3060000	3065440	empires millions of articles on the fundamental premise of interviewing survivors and asking them for the
3065440	3071200	the secret to their success infliction's math just clinically coldly proves that their survival record
3071200	3076560	is statistically void of any usable information regarding risk they might have excellent advice
3076560	3081360	on minor tactics or how to organize your calendar or what diet they eat but their survival cannot
3081360	3085600	mathematically be used to estimate the safety or structural viability of their chosen path
3086240	3091840	to believe otherwise is to fall for the ultimate epistemic delusion okay we have covered an immense amount of
3091840	3096800	ground today we have deconstructed the mood of optimism we've looked at the terrifying compounding
3096800	3103920	math of failure the quadratic weight of our commitments and the absolute mirage of survivor bias but i want
3103920	3109680	to make sure we don't leave the listener feeling like this paper is anti-optimism it isn't the entire goal
3109680	3116240	of the framework is to define what sustained optimism actually looks like in the real world so practically
3116240	3121360	speaking how do we achieve it the paper synthesizes the entire mathematical framework into three
3121840	3128320	independent non-negotiable pillars of sustained optimism first agency a worthwhile structurally
3128320	3134320	sound move must actually exist in your environment you must have a non-empty action set second reserve
3135120	3139680	your risk war must possess enough buffer to absorb the inevitable shocks and survive the mathematical
3139680	3145120	ruin bound of the actions you are taking and third calibration you must maintain ruthlessly accurate
3145120	3150160	beliefs about your environment the rigidity of the institutions around you and your own physical exhaustion
3150160	3156720	agency reserve calibration the three pillars of living a structurally optimistic life and here is the
3156720	3162720	critical final takeaway regarding those pillars overestimating any single one of them degrades your
3162720	3168160	chances of survival without touching the others they do not compensate for each other you could be
3168160	3175520	perfectly calibrated a total realist and have a massive reservoir of wealth but if your agency is zero if no viable
3175520	3181360	actions exist you're just comfortably realistically waiting for the end right you can have a million
3181360	3186160	viable options and perfect realism but if your reservoir is completely drained the very first
3186160	3192000	step you take into the sandbox will kill you and most dangerously you can have a full reservoir and a massive
3192000	3198000	menu of great options but if you are miscalibrated and arrogantly take on a wildly complex 20-step plan
3198000	3203840	assuming all your hazards are independent you will compound your errors straight into total ruin so to
3203840	3209840	summarize all of this for you the listener true optimism is not a mood it is not a cute poster on
3209840	3215440	a classroom wall with a cat hanging from a branch saying hang in there it is not a cognitive bias
3215440	3220320	where you trick your brain into thinking the odds are better than they are true structural optimism is the
3220320	3225600	exhausting rigorous maintenance of your action set it is constantly looking for new independent
3225600	3230560	conversion channels so you don't get choked out by a single bottleneck is the humble work of setting up
3230560	3237040	reliable boring streams of baseline support to lower your friends adjustment coefficients and it is an
3237040	3241840	honest sometimes brutal accounting of your own limits and the limits of the world around you it is
3241840	3247760	the daily physical work of maintaining transformability in a world that tends toward decay i want to leave
3247760	3253440	you with one final provocative thought to mull over building on something from the paper regarding the two
3253440	3259840	regimes of ruin constrained hope think deeply about this if an attempt you want to make has a high
3259840	3264720	chance of failure and that failure will drop your reservoir below your baseline threshold meaning the
3264720	3270000	failure will fundamentally destroy your life then no amount of potential reward makes that action
3270000	3276160	logically admissible it does not matter if the payoff is a billion dollars or eternal fame if the failure
3276160	3282560	ruins you the math dictates you do not take the bet the risk is mathematically forbidden the headroom in that
3282560	3288880	scenario is negative the attempt is irrational exactly therefore the ultimate act of an optimist is not blindly
3288880	3293200	taking a massive romantic leap of faith and hoping a net magically appears to catch you
3293920	3300880	that is epistemic delusion disguised as bravery the ultimate act of a true optimist is doing the tedious
3300880	3307520	unglamorous everyday work of building up enough headroom in your reserves saving that extra month of emergency money
3307520	3312720	building that extra network of supportive friends stubbornly maintaining your physical health you build
3312720	3318160	that headroom brick by boring brick so that when you finally do take that massive long shot leap on your
3318160	3325360	agency surface the statistically inevitable failure is entirely survivable by staging your risks you transform
3325360	3331200	a mathematically foolish gamble into a perfectly rational structurally sound act of hope you ensure that the
3331200	3336880	failure simply lands you back on your agency surface a little bruised but entirely ready to make the next move
3336880	3341680	let's bring it all the way back to our master mechanic looking at that rusted engine in the junkyard
3342320	3347680	when we started this deep dive we said the mechanic isn't delusional they just see a sequence of
3347680	3353520	repairs that we don't but now after exploring the map we know the whole truth the mechanic isn't just
3353520	3358560	looking at the engine they are looking at their own toolbox they are looking at the clock on the wall
3358560	3363680	they are measuring their own physical energy and frustration levels they know that if they strip the very
3363680	3370080	first rusted bolt they already have three completely independent ways to drill it out they have built
3370080	3375120	the reserve they have mapped the agency surface and they are perfectly calibrated to the exact density of
3375120	3385120	the rust that is why they can stand in a junkyard and smile at a broken thing that is the true root of optimism
